welding_speed,head_position,penetration_depth
20,-2,6.087725108
30,-2,5.806184719
40,-2,5.53766479
50,-2,5.281563164
60,-2,5.037305526
70,-2,4.804344127
80,-2,4.582156545
90,-2,4.370244523
100,-2,4.168132843
110,-2,3.975368268
120,-2,3.791518519
130,-2,3.616171311
140,-2,3.448933424
150,-2,3.289429826
160,-2,3.137302826
170,-2,2.992211278
180,-2,2.853829811
190,-2,2.721848103
200,-2,2.595970183
210,-2,2.475913767
220,-2,2.361409627
230,-2,2.252200986
240,-2,2.148042941
250,-2,2.048701917
260,-2,1.95395514
270,-2,1.863590138
280,-2,1.777404266
290,-2,1.695204252
300,-2,1.61680576
310,-2,1.542032981
320,-2,1.470718236
330,-2,1.402701599
340,-2,1.337830544
350,-2,1.275959594
360,-2,1.216950004
370,-2,1.160669444
380,-2,1.106991704
390,-2,1.05579641
400,-2,1.006968756
410,-2,0.960399246
420,-2,0.915983447
430,-2,0.873621755
440,-2,0.833219173
450,-2,0.794685099
460,-2,0.757933119
470,-2,0.722880816
480,-2,0.689449584
490,-2,0.657564455
500,-2,0.627153924
510,-2,0.598149795
520,-2,0.570487027
530,-2,0.544103586
540,-2,0.518940305
550,-2,0.494940756
560,-2,0.47205112
570,-2,0.450220066
580,-2,0.429398637
590,-2,0.409540142
600,-2,0.390600047
610,-2,0.372535879
620,-2,0.355307129
630,-2,0.33887516
640,-2,0.323203125
650,-2,0.308255877
660,-2,0.293999898
670,-2,0.280403219
680,-2,0.267435349
690,-2,0.255067206
700,-2,0.243271056
710,-2,0.232020444
720,-2,0.221290143
730,-2,0.211056088
740,-2,0.20129533
750,-2,0.191985979
20,-1.9,8.703296025
30,-1.9,8.300792739
40,-1.9,7.916904114
50,-1.9,7.550769272
60,-1.9,7.20156715
70,-1.9,6.868514657
80,-1.9,6.550864918
90,-1.9,6.247905597
100,-1.9,5.958957305
110,-1.9,5.683372068
120,-1.9,5.420531884
130,-1.9,5.169847329
140,-1.9,4.930756239
150,-1.9,4.702722448
160,-1.9,4.485234587
170,-1.9,4.277804936
180,-1.9,4.079968331
190,-1.9,3.89128112
200,-1.9,3.711320168
210,-1.9,3.539681911
220,-1.9,3.375981447
230,-1.9,3.219851675
240,-1.9,3.070942472
250,-1.9,2.928919906
260,-1.9,2.793465489
270,-1.9,2.664275464
280,-1.9,2.541060118
290,-1.9,2.42354314
300,-1.9,2.311460997
310,-1.9,2.204562341
320,-1.9,2.102607452
330,-1.9,2.005367693
340,-1.9,1.912625003
350,-1.9,1.824171405
360,-1.9,1.73980854
370,-1.9,1.659347224
380,-1.9,1.582607021
390,-1.9,1.509415838
400,-1.9,1.439609545
410,-1.9,1.373031599
420,-1.9,1.309532699
430,-1.9,1.248970446
440,-1.9,1.191209029
450,-1.9,1.136118918
460,-1.9,1.083576571
470,-1.9,1.033464162
480,-1.9,0.985669313
490,-1.9,0.940084843
500,-1.9,0.896608528
510,-1.9,0.855142872
520,-1.9,0.815594888
530,-1.9,0.777875888
540,-1.9,0.741901287
550,-1.9,0.707590412
560,-1.9,0.674866319
570,-1.9,0.643655625
580,-1.9,0.613888339
590,-1.9,0.585497707
600,-1.9,0.558420063
610,-1.9,0.532594685
620,-1.9,0.507963659
630,-1.9,0.48447175
640,-1.9,0.462066276
650,-1.9,0.440696993
660,-1.9,0.42031598
670,-1.9,0.400877533
680,-1.9,0.38233806
690,-1.9,0.364655986
700,-1.9,0.347791658
710,-1.9,0.331707259
720,-1.9,0.316366719
730,-1.9,0.301735637
740,-1.9,0.287781201
750,-1.9,0.274472119
20,-1.8,12.23623221
30,-1.8,11.67034043
40,-1.8,11.13061958
50,-1.8,10.61585932
60,-1.8,10.12490529
70,-1.8,9.656656519
80,-1.8,9.210062957
90,-1.8,8.784123108
100,-1.8,8.377881794
110,-1.8,7.990428014
120,-1.8,7.620892896
130,-1.8,7.268447751
140,-1.8,6.932302216
150,-1.8,6.611702479
160,-1.8,6.30592959
170,-1.8,6.014297849
180,-1.8,5.736153266
190,-1.8,5.470872098
200,-1.8,5.217859448
210,-1.8,4.97654793
220,-1.8,4.746396401
230,-1.8,4.526888741
240,-1.8,4.317532701
250,-1.8,4.117858797
260,-1.8,3.927419257
270,-1.8,3.745787017
280,-1.8,3.572554763
290,-1.8,3.407334021
300,-1.8,3.24975428
310,-1.8,3.099462164
320,-1.8,2.956120641
330,-1.8,2.819408266
340,-1.8,2.689018459
350,-1.8,2.564658819
360,-1.8,2.446050467
370,-1.8,2.332927422
380,-1.8,2.225036003
390,-1.8,2.122134264
400,-1.8,2.023991444
410,-1.8,1.930387457
420,-1.8,1.841112395
430,-1.8,1.755966057
440,-1.8,1.6747575
450,-1.8,1.597304614
460,-1.8,1.523433709
470,-1.8,1.452979128
480,-1.8,1.385782877
490,-1.8,1.321694265
500,-1.8,1.260569573
510,-1.8,1.202271729
520,-1.8,1.146669999
530,-1.8,1.093639694
540,-1.8,1.043061893
550,-1.8,0.994823176
560,-1.8,0.948815365
570,-1.8,0.904935288
580,-1.8,0.863084542
590,-1.8,0.823169278
600,-1.8,0.785099983
610,-1.8,0.748791288
620,-1.8,0.714161769
630,-1.8,0.68113377
640,-1.8,0.649633223
650,-1.8,0.61958949
660,-1.8,0.590935196
670,-1.8,0.563606083
680,-1.8,0.537540866
690,-1.8,0.512681093
700,-1.8,0.488971015
710,-1.8,0.466357463
720,-1.8,0.444789725
730,-1.8,0.424219434
740,-1.8,0.404600463
750,-1.8,0.385888814
20,-1.7,16.91791731
30,-1.7,16.13551059
40,-1.7,15.38928801
50,-1.7,14.67757615
60,-1.7,13.99877899
70,-1.7,13.35137432
80,-1.7,12.73391031
90,-1.7,12.1450023
100,-1.7,11.58332965
110,-1.7,11.04763281
120,-1.7,10.53671045
130,-1.7,10.04941684
140,-1.7,9.584659201
150,-1.7,9.141395315
160,-1.7,8.718631153
170,-1.7,8.315418661
180,-1.7,7.930853627
190,-1.7,7.564073659
200,-1.7,7.214256246
210,-1.7,6.880616918
220,-1.7,6.562407483
230,-1.7,6.25891435
240,-1.7,5.969456933
250,-1.7,5.693386118
260,-1.7,5.430082812
270,-1.7,5.178956553
280,-1.7,4.939444187
290,-1.7,4.711008603
300,-1.7,4.49313753
310,-1.7,4.28534239
320,-1.7,4.087157198
330,-1.7,3.898137522
340,-1.7,3.717859481
350,-1.7,3.545918799
360,-1.7,3.381929896
370,-1.7,3.225525025
380,-1.7,3.076353445
390,-1.7,2.934080636
400,-1.7,2.79838755
410,-1.7,2.668969893
420,-1.7,2.545537443
430,-1.7,2.427813402
440,-1.7,2.31553377
450,-1.7,2.20844676
460,-1.7,2.106312227
470,-1.7,2.008901132
480,-1.7,1.915995031
490,-1.7,1.827385578
500,-1.7,1.742874067
510,-1.7,1.662270979
520,-1.7,1.58539556
530,-1.7,1.512075415
540,-1.7,1.442146124
550,-1.7,1.375450869
560,-1.7,1.311840083
570,-1.7,1.251171121
580,-1.7,1.193307929
590,-1.7,1.138120749
600,-1.7,1.085485823
610,-1.7,1.035285117
620,-1.7,0.987406054
630,-1.7,0.941741264
640,-1.7,0.898188344
650,-1.7,0.856649626
660,-1.7,0.817031959
670,-1.7,0.779246498
680,-1.7,0.743208511
690,-1.7,0.70883718
700,-1.7,0.676055428
710,-1.7,0.64478974
720,-1.7,0.614970005
730,-1.7,0.586529349
740,-1.7,0.559403994
750,-1.7,0.533533112
20,-1.6,23.00283258
30,-1.6,21.93901542
40,-1.6,20.92439685
50,-1.6,19.95670157
60,-1.6,19.03375951
70,-1.6,18.15350096
80,-1.6,17.31395193
90,-1.6,16.5132297
100,-1.6,15.74953866
110,-1.6,15.02116621
120,-1.6,14.32647897
130,-1.6,13.66391908
140,-1.6,13.03200074
150,-1.6,12.42930688
160,-1.6,11.85448593
170,-1.6,11.30624886
180,-1.6,10.78336623
190,-1.6,10.28466547
200,-1.6,9.809028239
210,-1.6,9.355387908
220,-1.6,8.922727183
230,-1.6,8.510075816
240,-1.6,8.116508429
250,-1.6,7.741142441
260,-1.6,7.383136089
270,-1.6,7.041686537
280,-1.6,6.716028078
290,-1.6,6.40543042
300,-1.6,6.109197041
310,-1.6,5.826663634
320,-1.6,5.557196613
330,-1.6,5.300191694
340,-1.6,5.055072538
350,-1.6,4.821289464
360,-1.6,4.598318207
370,-1.6,4.385658753
380,-1.6,4.182834208
390,-1.6,3.989389735
400,-1.6,3.804891533
410,-1.6,3.62892586
420,-1.6,3.461098111
430,-1.6,3.301031929
440,-1.6,3.148368365
450,-1.6,3.002765066
460,-1.6,2.863895516
470,-1.6,2.731448297
480,-1.6,2.605126394
490,-1.6,2.484646529
500,-1.6,2.369738523
510,-1.6,2.260144694
520,-1.6,2.155619275
530,-1.6,2.055927866
540,-1.6,1.960846908
550,-1.6,1.870163181
560,-1.6,1.783673325
570,-1.6,1.701183384
580,-1.6,1.622508374
590,-1.6,1.547471865
600,-1.6,1.475905586
610,-1.6,1.407649049
620,-1.6,1.342549188
630,-1.6,1.280460014
640,-1.6,1.221242292
650,-1.6,1.164763226
660,-1.6,1.110896159
670,-1.6,1.059520295
680,-1.6,1.010520422
690,-1.6,0.963786657
700,-1.6,0.9192142
710,-1.6,0.876703094
720,-1.6,0.836158009
730,-1.6,0.797488022
740,-1.6,0.760606414
750,-1.6,0.725430479
20,-1.5,30.75749572
30,-1.5,29.33504691
40,-1.5,27.97838241
50,-1.5,26.68445987
60,-1.5,25.45037767
70,-1.5,24.27336834
80,-1.5,23.15079242
90,-1.5,22.08013253
100,-1.5,21.05898768
110,-1.5,20.08506795
120,-1.5,19.1561893
130,-1.5,18.27026872
140,-1.5,17.4253195
150,-1.5,16.61944683
160,-1.5,15.85084354
170,-1.5,15.11778602
180,-1.5,14.41863038
190,-1.5,13.75180874
200,-1.5,13.11582576
210,-1.5,12.50925522
220,-1.5,11.93073688
230,-1.5,11.37897342
240,-1.5,10.85272748
250,-1.5,10.35081895
260,-1.5,9.872122306
270,-1.5,9.41556405
280,-1.5,8.980120345
290,-1.5,8.564814703
300,-1.5,8.168715795
310,-1.5,7.790935362
320,-1.5,7.430626225
330,-1.5,7.086980385
340,-1.5,6.759227213
350,-1.5,6.446631714
360,-1.5,6.14849289
370,-1.5,5.864142159
380,-1.5,5.59294186
390,-1.5,5.334283822
400,-1.5,5.087588
410,-1.5,4.852301176
420,-1.5,4.627895714
430,-1.5,4.413868382
440,-1.5,4.20973922
450,-1.5,4.015050465
460,-1.5,3.829365525
470,-1.5,3.652267998
480,-1.5,3.48336074
490,-1.5,3.322264973
500,-1.5,3.168619439
510,-1.5,3.022079585
520,-1.5,2.882316792
530,-1.5,2.74901764
540,-1.5,2.621883204
550,-1.5,2.500628383
560,-1.5,2.384981261
570,-1.5,2.274682497
580,-1.5,2.169484745
590,-1.5,2.069152097
600,-1.5,1.973459555
610,-1.5,1.882192528
620,-1.5,1.795146348
630,-1.5,1.712125811
640,-1.5,1.632944745
650,-1.5,1.557425582
660,-1.5,1.485398972
670,-1.5,1.416703392
680,-1.5,1.351184792
690,-1.5,1.288696246
700,-1.5,1.229097621
710,-1.5,1.172255268
720,-1.5,1.118041715
730,-1.5,1.066335389
740,-1.5,1.017020337
750,-1.5,0.969985969
20,-1.4,40.44416363
30,-1.4,38.57373331
40,-1.4,36.78980521
50,-1.4,35.08837883
60,-1.4,33.46563869
70,-1.4,31.91794579
80,-1.4,30.44182938
90,-1.4,29.03397926
100,-1.4,27.69123831
110,-1.4,26.41059539
120,-1.4,25.18917866
130,-1.4,24.02424906
140,-1.4,22.91319422
150,-1.4,21.85352258
160,-1.4,20.84285782
170,-1.4,19.87893349
180,-1.4,18.95958799
190,-1.4,18.08275967
200,-1.4,17.24648222
210,-1.4,16.44888029
220,-1.4,15.68816523
230,-1.4,14.96263113
240,-1.4,14.27065097
250,-1.4,13.61067297
260,-1.4,12.98121712
270,-1.4,12.38087186
280,-1.4,11.8082909
290,-1.4,11.26219022
300,-1.4,10.74134518
310,-1.4,10.24458777
320,-1.4,9.770804024
330,-1.4,9.318931456
340,-1.4,8.887956741
350,-1.4,8.47691341
360,-1.4,8.084879693
370,-1.4,7.710976446
380,-1.4,7.354365187
390,-1.4,7.014246209
400,-1.4,6.68985679
410,-1.4,6.380469481
420,-1.4,6.085390477
430,-1.4,5.803958057
440,-1.4,5.535541106
450,-1.4,5.279537694
460,-1.4,5.035373729
470,-1.4,4.802501669
480,-1.4,4.580399296
490,-1.4,4.368568542
500,-1.4,4.166534372
510,-1.4,3.973843721
520,-1.4,3.790064478
530,-1.4,3.614784515
540,-1.4,3.447610764
550,-1.4,3.288168335
560,-1.4,3.136099676
570,-1.4,2.99106377
580,-1.4,2.852735373
590,-1.4,2.720804279
600,-1.4,2.594974633
610,-1.4,2.474964259
620,-1.4,2.360504031
630,-1.4,2.251337271
640,-1.4,2.147219171
650,-1.4,2.047916244
660,-1.4,1.953205801
670,-1.4,1.862875454
680,-1.4,1.776722635
690,-1.4,1.694554144
700,-1.4,1.616185718
710,-1.4,1.541441615
720,-1.4,1.470154218
730,-1.4,1.402163666
740,-1.4,1.337317488
750,-1.4,1.275470266
20,-1.3,52.29931231
30,-1.3,49.88061427
40,-1.3,47.57377431
50,-1.3,45.37361929
60,-1.3,43.27521533
70,-1.3,41.27385673
80,-1.3,39.36505541
90,-1.3,37.54453086
100,-1.3,35.80820051
110,-1.3,34.15217062
120,-1.3,32.57272752
130,-1.3,31.06632928
140,-1.3,29.62959777
150,-1.3,28.25931111
160,-1.3,26.95239641
170,-1.3,25.70592288
180,-1.3,24.51709529
190,-1.3,23.38324768
200,-1.3,22.30183738
210,-1.3,21.2704393
220,-1.3,20.28674051
230,-1.3,19.34853507
240,-1.3,18.45371903
250,-1.3,17.60028574
260,-1.3,16.78632137
270,-1.3,16.0100006
280,-1.3,15.26958251
290,-1.3,14.5634067
300,-1.3,13.88988956
310,-1.3,13.24752072
320,-1.3,12.63485965
330,-1.3,12.05053246
340,-1.3,11.49322878
350,-1.3,10.96169885
360,-1.3,10.4547507
370,-1.3,9.971247499
380,-1.3,9.510104977
390,-1.3,9.070289017
400,-1.3,8.650813324
410,-1.3,8.250737218
420,-1.3,7.869163522
430,-1.3,7.50523655
440,-1.3,7.15814019
450,-1.3,6.827096074
460,-1.3,6.511361829
470,-1.3,6.210229416
480,-1.3,5.923023542
490,-1.3,5.649100143
500,-1.3,5.38784494
510,-1.3,5.138672066
520,-1.3,4.901022745
530,-1.3,4.674364046
540,-1.3,4.458187682
550,-1.3,4.252008876
560,-1.3,4.055365267
570,-1.3,3.867815879
580,-1.3,3.688940129
590,-1.3,3.518336887
600,-1.3,3.355623571
610,-1.3,3.200435294
620,-1.3,3.052424045
630,-1.3,2.911257905
640,-1.3,2.776620307
650,-1.3,2.648209324
660,-1.3,2.525736993
670,-1.3,2.408928667
680,-1.3,2.297522402
690,-1.3,2.191268368
700,-1.3,2.089928288
710,-1.3,1.993274905
720,-1.3,1.901091473
730,-1.3,1.813171269
740,-1.3,1.72931713
750,-1.3,1.649341012
20,-1.2,66.50760838
30,-1.2,63.43181609
40,-1.2,60.49827065
50,-1.2,57.70039354
60,-1.2,55.03191049
70,-1.2,52.48683737
80,-1.2,50.05946682
90,-1.2,47.74435542
100,-1.2,45.53631149
110,-1.2,43.43038347
120,-1.2,41.42184878
130,-1.2,39.50620324
140,-1.2,37.67915099
150,-1.2,35.93659483
160,-1.2,34.27462706
170,-1.2,32.68952069
180,-1.2,31.17772109
190,-1.2,29.73583802
200,-1.2,28.36063804
210,-1.2,27.04903725
220,-1.2,25.79809435
230,-1.2,24.60500409
240,-1.2,23.46709094
250,-1.2,22.38180312
260,-1.2,21.34670684
270,-1.2,20.3594809
280,-1.2,19.41791142
290,-1.2,18.51988691
300,-1.2,17.66339354
310,-1.2,16.84651061
320,-1.2,16.06740625
330,-1.2,15.32433331
340,-1.2,14.61562543
350,-1.2,13.93969332
360,-1.2,13.29502119
370,-1.2,12.68016336
380,-1.2,12.093741
390,-1.2,11.53443904
400,-1.2,11.00100325
410,-1.2,10.49223738
420,-1.2,10.00700053
430,-1.2,9.544204526
440,-1.2,9.102811556
450,-1.2,8.681831787
460,-1.2,8.280321163
470,-1.2,7.897379291
480,-1.2,7.532147418
490,-1.2,7.183806505
500,-1.2,6.851575393
510,-1.2,6.534709047
520,-1.2,6.232496891
530,-1.2,5.944261208
540,-1.2,5.669355625
550,-1.2,5.407163663
560,-1.2,5.157097351
570,-1.2,4.918595912
580,-1.2,4.691124503
590,-1.2,4.474173015
600,-1.2,4.267254931
610,-1.2,4.069906234
620,-1.2,3.881684367
630,-1.2,3.702167238
640,-1.2,3.530952279
650,-1.2,3.367655536
660,-1.2,3.211910814
670,-1.2,3.063368854
680,-1.2,2.921696547
690,-1.2,2.786576191
700,-1.2,2.657704776
710,-1.2,2.534793306
720,-1.2,2.417566151
730,-1.2,2.305760427
740,-1.2,2.199125407
750,-1.2,2.09742196
20,-1.1,83.17291379
30,-1.1,79.32639737
40,-1.1,75.65777166
50,-1.1,72.15880971
60,-1.1,68.82166504
70,-1.1,65.63885404
80,-1.1,62.60323923
90,-1.1,59.70801317
100,-1.1,56.94668328
110,-1.1,54.31305723
120,-1.1,51.80122908
130,-1.1,49.40556601
140,-1.1,47.1206957
150,-1.1,44.94149431
160,-1.1,42.86307493
170,-1.1,40.88077668
180,-1.1,38.99015423
190,-1.1,37.18696781
200,-1.1,35.46717376
210,-1.1,33.82691541
220,-1.1,32.26251446
230,-1.1,30.77046271
240,-1.1,29.34741421
250,-1.1,27.99017776
260,-1.1,26.69570973
270,-1.1,25.46110724
280,-1.1,24.2836017
290,-1.1,23.16055252
300,-1.1,22.08944125
310,-1.1,21.0678659
320,-1.1,20.09353558
330,-1.1,19.16426533
340,-1.1,18.27797124
350,-1.1,17.4326658
360,-1.1,16.6264534
370,-1.1,15.85752607
380,-1.1,15.1241595
390,-1.1,14.4247091
400,-1.1,13.75760634
410,-1.1,13.12135523
420,-1.1,12.51452897
430,-1.1,11.93576674
440,-1.1,11.38377066
450,-1.1,10.85730286
460,-1.1,10.35518274
470,-1.1,9.876284276
480,-1.1,9.41953354
490,-1.1,8.983906258
500,-1.1,8.568425528
510,-1.1,8.172159629
520,-1.1,7.794219928
530,-1.1,7.433758889
540,-1.1,7.089968173
550,-1.1,6.762076823
560,-1.1,6.449349538
570,-1.1,6.151085022
580,-1.1,5.866614412
590,-1.1,5.595299778
600,-1.1,5.336532693
610,-1.1,5.089732867
620,-1.1,4.854346849
630,-1.1,4.62984678
640,-1.1,4.415729217
650,-1.1,4.211513996
660,-1.1,4.016743163
670,-1.1,3.83097994
680,-1.1,3.653807751
690,-1.1,3.484829283
700,-1.1,3.323665601
710,-1.1,3.169955292
720,-1.1,3.023353658
730,-1.1,2.883531942
740,-1.1,2.750176593
750,-1.1,2.622988559
20,-1,102.2887178
30,-1,97.55814852
40,-1,93.04635493
50,-1,88.74321926
60,-1,84.63909168
70,-1,80.7247686
80,-1,76.9914721
90,-1,73.43083021
100,-1,70.03485812
110,-1,66.79594031
120,-1,63.70681346
130,-1,60.76055016
140,-1,57.95054335
150,-1,55.27049156
160,-1,52.71438473
170,-1,50.27649075
180,-1,47.95134259
190,-1,45.73372608
200,-1,43.61866819
210,-1,41.60142585
220,-1,39.67747537
230,-1,37.84250225
240,-1,36.09239156
250,-1,34.42321862
260,-1,32.8312403
270,-1,31.31288656
280,-1,29.86475247
290,-1,28.48359055
300,-1,27.16630355
310,-1,25.90993741
320,-1,24.71167471
330,-1,23.56882835
340,-1,22.47883545
350,-1,21.4392517
360,-1,20.44774581
370,-1,19.50209432
380,-1,18.60017659
390,-1,17.73997004
400,-1,16.91954567
410,-1,16.13706364
420,-1,15.39076924
430,-1,14.67898888
440,-1,14.00012638
450,-1,13.35265939
460,-1,12.73513596
470,-1,12.14617126
480,-1,11.58444456
490,-1,11.04869615
500,-1,10.53772462
510,-1,10.0503841
520,-1,9.58558173
530,-1,9.142275179
540,-1,8.719470327
550,-1,8.316219025
560,-1,7.931616977
570,-1,7.564801706
580,-1,7.214950623
590,-1,6.881279181
600,-1,6.563039118
610,-1,6.259516775
620,-1,5.970031497
630,-1,5.69393411
640,-1,5.430605461
650,-1,5.179455031
660,-1,4.939919611
670,-1,4.71146204
680,-1,4.493569997
690,-1,4.285754857
700,-1,4.08755059
710,-1,3.89851272
720,-1,3.718217327
730,-1,3.546260095
740,-1,3.382255409
750,-1,3.225835483
20,-0.9,123.7111335
30,-0.9,117.989837
40,-0.9,112.5331345
50,-0.9,107.3287893
60,-0.9,102.3651307
70,-0.9,97.63102754
80,-0.9,93.11586349
90,-0.9,88.80951325
100,-0.9,84.70231975
110,-0.9,80.78507255
120,-0.9,77.04898717
130,-0.9,73.48568536
140,-0.9,70.08717637
150,-0.9,66.84583899
160,-0.9,63.75440447
170,-0.9,60.80594021
180,-0.9,57.99383424
190,-0.9,55.31178037
200,-0.9,52.75376404
210,-0.9,50.31404887
220,-0.9,47.98716376
230,-0.9,45.76789062
240,-0.9,43.65125271
250,-0.9,41.63250343
260,-0.9,39.70711569
270,-0.9,37.8707718
280,-0.9,36.11935371
290,-0.9,34.44893385
300,-0.9,32.85576628
310,-0.9,31.33627828
320,-0.9,29.88706238
330,-0.9,28.5048687
340,-0.9,27.18659763
350,-0.9,25.92929295
360,-0.9,24.73013512
370,-0.9,23.58643501
380,-0.9,22.49562785
390,-0.9,21.4552675
400,-0.9,20.46302093
410,-0.9,19.516663
420,-0.9,18.61407151
430,-0.9,17.75322236
440,-0.9,16.9321851
450,-0.9,16.14911854
460,-0.9,15.40226663
470,-0.9,14.68995454
480,-0.9,14.01058492
490,-0.9,13.36263425
500,-0.9,12.74464951
510,-0.9,12.15524484
520,-0.9,11.5930985
530,-0.9,11.05694987
540,-0.9,10.54559663
550,-0.9,10.05789205
560,-0.9,9.592742462
570,-0.9,9.149104748
580,-0.9,8.725984047
590,-0.9,8.322431503
600,-0.9,7.937542145
610,-0.9,7.570452852
620,-0.9,7.220340419
630,-0.9,6.886419715
640,-0.9,6.567941916
650,-0.9,6.264192832
660,-0.9,5.974491299
670,-0.9,5.698187659
680,-0.9,5.434662295
690,-0.9,5.183324248
700,-0.9,4.943609887
710,-0.9,4.714981651
720,-0.9,4.496926836
730,-0.9,4.288956451
740,-0.9,4.090604119
750,-0.9,3.901425032
20,-0.8,147.1380752
30,-0.8,140.3333476
40,-0.8,133.8433198
50,-0.8,127.6534377
60,-0.8,121.7498205
70,-0.8,116.1192293
80,-0.8,110.7490372
90,-0.8,105.6272016
100,-0.8,100.7422367
110,-0.8,96.08318787
120,-0.8,91.63960711
130,-0.8,87.40152962
140,-0.8,83.35945146
150,-0.8,79.50430819
160,-0.8,75.8274546
170,-0.8,72.32064528
180,-0.8,68.97601617
190,-0.8,65.78606686
200,-0.8,62.74364386
210,-0.8,59.84192447
220,-0.8,57.07440156
230,-0.8,54.43486889
240,-0.8,51.91740729
250,-0.8,49.5163713
260,-0.8,47.22637656
270,-0.8,45.04228772
280,-0.8,42.95920693
290,-0.8,40.97246284
300,-0.8,39.07760015
310,-0.8,37.2703696
320,-0.8,35.54671845
330,-0.8,33.90278138
340,-0.8,32.33487184
350,-0.8,30.83947377
360,-0.8,29.4132337
370,-0.8,28.05295328
380,-0.8,26.75558205
390,-0.8,25.51821064
400,-0.8,24.33806422
410,-0.8,23.2124963
420,-0.8,22.13898277
430,-0.8,21.11511627
440,-0.8,20.13860074
450,-0.8,19.20724635
460,-0.8,18.31896452
470,-0.8,17.47176325
480,-0.8,16.6637427
490,-0.8,15.89309085
500,-0.8,15.15807951
510,-0.8,14.4570604
520,-0.8,13.78846148
530,-0.8,13.15078341
540,-0.8,12.54259618
550,-0.8,11.96253591
560,-0.8,11.40930183
570,-0.8,10.88165329
580,-0.8,10.37840702
590,-0.8,9.898434505
600,-0.8,9.440659382
610,-0.8,9.004055088
620,-0.8,8.587642531
630,-0.8,8.190487899
640,-0.8,7.811700566
650,-0.8,7.450431096
660,-0.8,7.105869337
670,-0.8,6.777242602
680,-0.8,6.463813942
690,-0.8,6.164880487
700,-0.8,5.879771875
710,-0.8,5.607848745
720,-0.8,5.348501305
730,-0.8,5.101147965
740,-0.8,4.86523403
750,-0.8,4.640230459
20,-0.7,172.098303
30,-0.7,164.1392341
40,-0.7,156.5482501
50,-0.7,149.3083281
60,-0.7,142.4032323
70,-0.7,135.817478
80,-0.7,129.5362966
90,-0.7,123.5456024
100,-0.7,117.8319612
110,-0.7,112.3825601
120,-0.7,107.1851786
130,-0.7,102.2281616
140,-0.7,97.50039283
150,-0.7,92.99127027
160,-0.7,88.69068211
170,-0.7,84.58898423
180,-0.7,80.67697848
190,-0.7,76.94589215
200,-0.7,73.3873582
210,-0.7,69.99339657
220,-0.7,66.75639624
230,-0.7,63.6690982
240,-0.7,60.72457912
250,-0.7,57.91623587
260,-0.7,55.23777071
270,-0.7,52.68317713
280,-0.7,50.24672641
290,-0.7,47.92295477
300,-0.7,45.70665112
310,-0.7,43.59284537
320,-0.7,41.57679726
330,-0.7,39.65398578
340,-0.7,37.820099
350,-0.7,36.07102439
360,-0.7,34.40283963
370,-0.7,32.81180378
380,-0.7,31.29434892
390,-0.7,29.84707214
400,-0.7,28.4667279
410,-0.7,27.15022074
420,-0.7,25.89459839
430,-0.7,24.69704508
440,-0.7,23.55487529
450,-0.7,22.46552769
460,-0.7,21.42655938
470,-0.7,20.43564048
480,-0.7,19.49054883
490,-0.7,18.58916504
500,-0.7,17.72946775
510,-0.7,16.90952908
520,-0.7,16.12751029
530,-0.7,15.3816577
540,-0.7,14.67029872
550,-0.7,13.99183812
560,-0.7,13.34475444
570,-0.7,12.72759659
580,-0.7,12.13898057
590,-0.7,11.57758641
600,-0.7,11.04215517
610,-0.7,10.53148615
620,-0.7,10.04443414
630,-0.7,9.57990694
640,-0.7,9.136862833
650,-0.7,8.714308286
660,-0.7,8.311295715
670,-0.7,7.926921356
680,-0.7,7.560323244
690,-0.7,7.210679278
700,-0.7,6.877205374
710,-0.7,6.559153713
720,-0.7,6.255811059
730,-0.7,5.96649716
740,-0.7,5.690563227
750,-0.7,5.427390472
20,-0.6,197.9535699
30,-0.6,188.7987667
40,-0.6,180.0673478
50,-0.6,171.7397327
60,-0.6,163.7972467
70,-0.6,156.2220787
80,-0.6,148.9972411
90,-0.6,142.1065323
100,-0.6,135.5344996
110,-0.6,129.2664051
120,-0.6,123.2881927
130,-0.6,117.586456
140,-0.6,112.1484087
150,-0.6,106.9618561
160,-0.6,102.0151671
170,-0.6,97.29724878
180,-0.6,92.79752107
190,-0.6,88.50589328
200,-0.6,84.41274136
210,-0.6,80.50888636
220,-0.6,76.78557382
230,-0.6,73.23445415
240,-0.6,69.84756391
250,-0.6,66.61730794
260,-0.6,63.53644234
270,-0.6,60.59805823
280,-0.6,57.79556622
290,-0.6,55.1226817
300,-0.6,52.57341066
310,-0.6,50.14203633
320,-0.6,47.82310632
330,-0.6,45.61142039
340,-0.6,43.50201879
350,-0.6,41.49017116
360,-0.6,39.5713659
370,-0.6,37.74130006
380,-0.6,35.99586968
390,-0.6,34.33116061
400,-0.6,32.74343972
410,-0.6,31.22914651
420,-0.6,29.78488516
430,-0.6,28.40741689
440,-0.6,27.0936527
450,-0.6,25.84064646
460,-0.6,24.64558829
470,-0.6,23.50579823
480,-0.6,22.4187203
490,-0.6,21.38191671
500,-0.6,20.39306241
510,-0.6,19.44993987
520,-0.6,18.55043414
530,-0.6,17.69252805
540,-0.6,16.87429773
550,-0.6,16.09390829
560,-0.6,15.3496097
570,-0.6,14.63973286
580,-0.6,13.96268584
590,-0.6,13.31695038
600,-0.6,12.70107838
610,-0.6,12.11368876
620,-0.6,11.55346428
630,-0.6,11.01914862
640,-0.6,10.50954358
650,-0.6,10.02350636
660,-0.6,9.55994701
670,-0.6,9.117825994
680,-0.6,8.696151848
690,-0.6,8.293978961
700,-0.6,7.910405454
710,-0.6,7.544571157
720,-0.6,7.195655681
730,-0.6,6.862876577
740,-0.6,6.545487584
750,-0.6,6.24277695
20,-0.5,223.9161001
30,-0.5,213.5606019
40,-0.5,203.6840168
50,-0.5,194.2641964
60,-0.5,185.2800165
70,-0.5,176.71133
80,-0.5,168.5389214
90,-0.5,160.7444641
100,-0.5,153.3104788
110,-0.5,146.2202946
120,-0.5,139.4580118
130,-0.5,133.0084658
140,-0.5,126.8571935
150,-0.5,120.9904004
160,-0.5,115.3949302
170,-0.5,110.0582349
180,-0.5,104.968347
190,-0.5,100.1138523
200,-0.5,95.48386449
210,-0.5,91.06800078
220,-0.5,86.8563585
230,-0.5,82.83949299
240,-0.5,79.00839636
250,-0.5,75.35447731
260,-0.5,71.86954188
270,-0.5,68.54577504
280,-0.5,65.3757232
290,-0.5,62.35227745
300,-0.5,59.46865767
310,-0.5,56.71839731
320,-0.5,54.09532886
330,-0.5,51.59357004
340,-0.5,49.20751062
350,-0.5,46.93179983
360,-0.5,44.76133435
370,-0.5,42.69124687
380,-0.5,40.71689519
390,-0.5,38.8338518
400,-0.5,37.03789393
410,-0.5,35.32499414
420,-0.5,33.6913112
430,-0.5,32.13318157
440,-0.5,30.64711111
450,-0.5,29.22976728
460,-0.5,27.87797167
470,-0.5,26.58869285
480,-0.5,25.35903961
490,-0.5,24.18625441
500,-0.5,23.06770727
510,-0.5,22.00088983
520,-0.5,20.98340974
530,-0.5,20.01298528
540,-0.5,19.08744026
550,-0.5,18.20469912
560,-0.5,17.36278232
570,-0.5,16.55980182
580,-0.5,15.79395695
590,-0.5,15.06353028
600,-0.5,14.36688381
610,-0.5,13.70245531
620,-0.5,13.06875478
630,-0.5,12.46436115
640,-0.5,11.88791904
650,-0.5,11.33813578
660,-0.5,10.81377847
670,-0.5,10.31367123
680,-0.5,9.836692557
690,-0.5,9.381772828
700,-0.5,8.947891874
710,-0.5,8.53407671
720,-0.5,8.139399348
730,-0.5,7.762974719
740,-0.5,7.403958684
750,-0.5,7.061546145
20,-0.4,249.082111
30,-0.4,237.5627547
40,-0.4,226.5761366
50,-0.4,216.0976192
60,-0.4,206.1037041
70,-0.4,196.5719798
80,-0.4,187.4810713
90,-0.4,178.8105921
100,-0.4,170.5410985
110,-0.4,162.654046
120,-0.4,155.1317479
130,-0.4,147.9573351
140,-0.4,141.114719
150,-0.4,134.5885549
160,-0.4,128.3642078
170,-0.4,122.4277194
180,-0.4,116.7657772
190,-0.4,111.3656841
200,-0.4,106.2153303
210,-0.4,101.3031661
220,-0.4,96.61817582
230,-0.4,92.14985335
240,-0.4,87.88817839
250,-0.4,83.82359407
260,-0.4,79.9469855
270,-0.4,76.24965931
280,-0.4,72.7233242
290,-0.4,69.3600723
300,-0.4,66.15236146
310,-0.4,63.09299835
320,-0.4,60.17512229
330,-0.4,57.3921899
340,-0.4,54.73796041
350,-0.4,52.20648166
360,-0.4,49.79207679
370,-0.4,47.48933143
380,-0.4,45.29308166
390,-0.4,43.19840234
400,-0.4,41.20059613
410,-0.4,39.29518291
420,-0.4,37.47788977
430,-0.4,35.74464138
440,-0.4,34.09155093
450,-0.4,32.51491132
460,-0.4,31.01118691
470,-0.4,29.57700559
480,-0.4,28.20915117
490,-0.4,26.90455623
500,-0.4,25.66029517
510,-0.4,24.47357774
520,-0.4,23.3417427
530,-0.4,22.26225188
540,-0.4,21.23268452
550,-0.4,20.25073179
560,-0.4,19.31419165
570,-0.4,18.4209639
580,-0.4,17.56904544
590,-0.4,16.75652585
600,-0.4,15.98158304
610,-0.4,15.24247918
620,-0.4,14.53755683
630,-0.4,13.86523517
640,-0.4,13.22400653
650,-0.4,12.61243293
660,-0.4,12.02914291
670,-0.4,11.47282844
680,-0.4,10.94224197
690,-0.4,10.43619364
700,-0.4,9.953548654
710,-0.4,9.493224655
720,-0.4,9.054189363
730,-0.4,8.635458235
740,-0.4,8.236092259
750,-0.4,7.855195851
20,-0.3,272.4802235
30,-0.3,259.8787695
40,-0.3,247.8600977
50,-0.3,236.3972561
60,-0.3,225.4645391
70,-0.3,215.03743
80,-0.3,205.0925457
90,-0.3,195.6075847
100,-0.3,186.5612768
110,-0.3,177.9333355
120,-0.3,169.7044126
130,-0.3,161.8560545
140,-0.3,154.3706612
150,-0.3,147.2314466
160,-0.3,140.4224008
170,-0.3,133.9282545
180,-0.3,127.7344445
190,-0.3,121.827081
200,-0.3,116.1929166
210,-0.3,110.8193167
220,-0.3,105.6942309
230,-0.3,100.806166
240,-0.3,96.14416066
250,-0.3,91.69776007
260,-0.3,87.45699318
270,-0.3,83.41234998
280,-0.3,79.5547603
290,-0.3,75.87557344
300,-0.3,72.36653876
310,-0.3,69.0197872
320,-0.3,65.8278136
330,-0.3,62.78345993
340,-0.3,59.87989916
350,-0.3,57.11062002
360,-0.3,54.46941235
370,-0.3,51.95035321
380,-0.3,49.54779356
390,-0.3,47.25634563
400,-0.3,45.07087081
410,-0.3,42.98646812
420,-0.3,40.99846328
430,-0.3,39.10239815
440,-0.3,37.29402076
450,-0.3,35.56927581
460,-0.3,33.92429553
470,-0.3,32.35539101
480,-0.3,30.85904398
490,-0.3,29.43189885
500,-0.3,28.07075521
510,-0.3,26.77256069
520,-0.3,25.53440407
530,-0.3,24.35350875
540,-0.3,23.22722656
550,-0.3,22.1530318
560,-0.3,21.12851557
570,-0.3,20.15138036
580,-0.3,19.21943495
590,-0.3,18.33058943
600,-0.3,17.48285054
610,-0.3,16.67431723
620,-0.3,15.90317634
630,-0.3,15.16769857
640,-0.3,14.46623461
650,-0.3,13.79721141
660,-0.3,13.15912868
670,-0.3,12.5505555
680,-0.3,11.97012714
690,-0.3,11.41654198
700,-0.3,10.8885586
710,-0.3,10.38499299
720,-0.3,9.904715886
730,-0.3,9.446650267
740,-0.3,9.009768911
750,-0.3,8.593092106
20,-0.2,293.1316206
30,-0.2,279.5750968
40,-0.2,266.6455245
50,-0.2,254.313909
60,-0.2,242.5525966
70,-0.2,231.3352122
80,-0.2,220.6366007
90,-0.2,210.4327703
100,-0.2,200.7008387
110,-0.2,191.418982
120,-0.2,182.5663854
130,-0.2,174.1231967
140,-0.2,166.0704822
150,-0.2,158.3901833
160,-0.2,151.0650769
170,-0.2,144.0787364
180,-0.2,137.4154947
190,-0.2,131.0604095
200,-0.2,124.9992293
210,-0.2,119.2183619
220,-0.2,113.7048435
230,-0.2,108.4463101
240,-0.2,103.4309693
250,-0.2,98.64757401
260,-0.2,94.0853975
270,-0.2,89.734209
280,-0.2,85.58425089
290,-0.2,81.62621683
300,-0.2,77.85123085
310,-0.2,74.2508275
320,-0.2,70.81693281
330,-0.2,67.54184622
340,-0.2,64.41822329
350,-0.2,61.43905926
360,-0.2,58.59767329
370,-0.2,55.88769354
380,-0.2,53.30304283
390,-0.2,50.83792504
400,-0.2,48.48681211
410,-0.2,46.24443162
420,-0.2,44.10575501
430,-0.2,42.06598626
440,-0.2,40.12055115
450,-0.2,38.26508701
460,-0.2,36.49543294
470,-0.2,34.80762046
480,-0.2,33.19786462
490,-0.2,31.66255552
500,-0.2,30.19825021
510,-0.2,28.80166495
520,-0.2,27.46966789
530,-0.2,26.19927199
540,-0.2,24.98762837
550,-0.2,23.83201992
560,-0.2,22.72985514
570,-0.2,21.67866243
580,-0.2,20.67608446
590,-0.2,19.71987294
600,-0.2,18.80788355
610,-0.2,17.93807113
620,-0.2,17.10848513
630,-0.2,16.31726518
640,-0.2,15.56263695
650,-0.2,14.84290819
660,-0.2,14.15646488
670,-0.2,13.50176767
680,-0.2,12.87734839
690,-0.2,12.28180677
700,-0.2,11.71380729
710,-0.2,11.17207622
720,-0.2,10.6553987
730,-0.2,10.16261608
740,-0.2,9.692623296
750,-0.2,9.24436637
20,-0.1,310.1170072
30,-0.1,295.7749564
40,-0.1,282.0961856
50,-0.1,269.0500199
60,-0.1,256.6072033
70,-0.1,244.7398323
80,-0.1,233.4212944
90,-0.1,222.6262073
100,-0.1,212.3303632
110,-0.1,202.5106732
120,-0.1,193.1451166
130,-0.1,184.212691
140,-0.1,175.6933654
150,-0.1,167.5680348
160,-0.1,159.8184783
170,-0.1,152.4273173
180,-0.1,145.3779769
190,-0.1,138.654649
200,-0.1,132.2422563
210,-0.1,126.126419
220,-0.1,120.2934222
230,-0.1,114.7301853
240,-0.1,109.4242326
250,-0.1,104.3636656
260,-0.1,99.5371357
270,-0.1,94.93381943
280,-0.1,90.54339377
290,-0.1,86.35601311
300,-0.1,82.36228719
310,-0.1,78.55326
320,-0.1,74.92038975
330,-0.1,71.45552966
340,-0.1,68.15090974
350,-0.1,64.99911932
360,-0.1,61.99309045
370,-0.1,59.12608208
380,-0.1,56.39166489
390,-0.1,53.7837069
400,-0.1,51.29635973
410,-0.1,48.92404547
420,-0.1,46.66144415
430,-0.1,44.50348187
440,-0.1,42.44531935
450,-0.1,40.48234114
460,-0.1,38.61014522
470,-0.1,36.82453317
480,-0.1,35.12150071
490,-0.1,33.49722878
500,-0.1,31.94807492
510,-0.1,30.47056513
520,-0.1,29.06138606
530,-0.1,27.71737762
540,-0.1,26.43552583
550,-0.1,25.21295613
560,-0.1,24.04692689
570,-0.1,22.93482327
580,-0.1,21.87415134
590,-0.1,20.86253256
600,-0.1,19.89769833
610,-0.1,18.97748501
620,-0.1,18.099829
630,-0.1,17.26276214
640,-0.1,16.46440731
650,-0.1,15.70297416
660,-0.1,14.97675519
670,-0.1,14.28412183
680,-0.1,13.62352084
690,-0.1,12.99347082
700,-0.1,12.39255885
710,-0.1,11.8194374
720,-0.1,11.27282123
730,-0.1,10.75148453
740,-0.1,10.25425821
750,-0.1,9.780027233
20,1.78E-15,322.6441033
30,1.78E-15,307.722709
40,1.78E-15,293.4913878
50,1.78E-15,279.9182257
60,1.78E-15,266.9727847
70,1.78E-15,254.6260344
80,1.78E-15,242.850287
90,1.78E-15,231.6191352
100,1.78E-15,220.9073931
110,1.78E-15,210.6910393
120,1.78E-15,200.9471635
130,1.78E-15,191.6539149
140,1.78E-15,182.7904533
150,1.78E-15,174.3369021
160,1.78E-15,166.2743043
170,1.78E-15,158.5845792
180,1.78E-15,151.2504826
190,1.78E-15,144.2555675
200,1.78E-15,137.5841479
210,1.78E-15,131.2212629
220,1.78E-15,125.1526437
230,1.78E-15,119.3646813
240,1.78E-15,113.8443961
250,1.78E-15,108.5794088
260,1.78E-15,103.5579125
270,1.78E-15,98.76864644
280,1.78E-15,94.20087068
290,1.78E-15,89.84434186
300,1.78E-15,85.68929041
310,1.78E-15,81.72639856
320,1.78E-15,77.94677946
330,1.78E-15,74.34195725
340,1.78E-15,70.90384806
350,1.78E-15,67.62474188
360,1.78E-15,64.49728526
370,1.78E-15,61.51446483
380,1.78E-15,58.66959156
390,1.78E-15,55.95628579
400,1.78E-15,53.36846288
410,1.78E-15,50.90031959
420,1.78E-15,48.54632109
430,1.78E-15,46.30118848
440,1.78E-15,44.15988702
450,1.78E-15,42.11761481
460,1.78E-15,40.16979202
470,1.78E-15,38.31205063
480,1.78E-15,36.54022462
490,1.78E-15,34.85034065
500,1.78E-15,33.23860912
510,1.78E-15,31.7014157
520,1.78E-15,30.23531322
530,1.78E-15,28.8370139
540,1.78E-15,27.50338204
550,1.78E-15,26.23142696
560,1.78E-15,25.01829627
570,1.78E-15,23.8612695
580,1.78E-15,22.75775201
590,1.78E-15,21.70526915
600,1.78E-15,20.70146069
610,1.78E-15,19.74407559
620,1.78E-15,18.83096689
630,1.78E-15,17.96008694
640,1.78E-15,17.12948277
650,1.78E-15,16.33729173
660,1.78E-15,15.58173733
670,1.78E-15,14.86112523
680,1.78E-15,14.17383943
690,1.78E-15,13.5183387
700,1.78E-15,12.89315306
710,1.78E-15,12.29688051
720,1.78E-15,11.72818392
730,1.78E-15,11.18578796
740,1.78E-15,10.66847632
750,1.78E-15,10.1750889
20,0.1,330.1088087
30,0.1,314.8421925
40,0.1,300.281615
50,0.1,286.3944237
60,0.1,273.1494765
70,0.1,260.5170713
80,0.1,248.4688798
90,0.1,236.9778838
100,0.1,226.0183144
110,0.1,215.5655946
120,0.1,205.5962842
130,0.1,196.0880267
140,0.1,187.0194997
150,0.1,178.3703669
160,0.1,170.1212325
170,0.1,162.2535977
180,0.1,154.7498191
190,0.1,147.5930695
200,0.1,140.7672997
210,0.1,134.2572027
220,0.1,128.0481797
230,0.1,122.1263068
240,0.1,116.4783041
250,0.1,111.0915058
260,0.1,105.953832
270,0.1,101.0537613
280,0.1,96.38030536
290,0.1,91.92298374
300,0.1,87.67180087
310,0.1,83.61722341
320,0.1,79.75015891
330,0.1,76.06193541
340,0.1,72.544282
350,0.1,69.18931031
360,0.1,65.98949674
370,0.1,62.93766567
380,0.1,60.02697331
390,0.1,57.2508924
400,0.1,54.60319753
410,0.1,52.07795119
420,0.1,49.66949049
430,0.1,47.37241441
440,0.1,45.18157173
450,0.1,43.09204944
460,0.1,41.09916175
470,0.1,39.19843959
480,0.1,37.38562056
490,0.1,35.65663937
500,0.1,34.00761876
510,0.1,32.43486078
520,0.1,30.93483849
530,0.1,29.50418807
540,0.1,28.13970126
550,0.1,26.83831818
560,0.1,25.59712045
570,0.1,24.41332468
580,0.1,23.28427617
590,0.1,22.20744302
600,0.1,21.18041042
610,0.1,20.20087522
620,0.1,19.26664081
630,0.1,18.37561215
640,0.1,17.52579109
650,0.1,16.71527189
660,0.1,15.94223696
670,0.1,15.20495275
680,0.1,14.50176589
690,0.1,13.83109946
700,0.1,13.1914495
710,0.1,12.58138157
720,0.1,11.9995276
730,0.1,11.44458275
740,0.1,10.91530256
750,0.1,10.41050011
20,0.2,332.1434767
30,0.2,316.7827628
40,0.2,302.1324392
50,0.2,288.1596525
60,0.2,274.8330683
70,0.2,262.1228017
80,0.2,250.0003496
90,0.2,238.4385273
100,0.2,227.4114072
110,0.2,216.8942608
120,0.2,206.8635033
130,0.2,197.2966404
140,0.2,188.1722184
150,0.2,179.4697755
160,0.2,171.1697965
170,0.2,163.2536685
180,0.2,155.7036395
190,0.2,148.5027783
200,0.2,141.634937
210,0.2,135.0847142
220,0.2,128.8374211
230,0.2,122.879048
240,0.2,117.1962331
250,0.2,111.7762326
260,0.2,106.606892
270,0.2,101.6766192
280,0.2,96.97435774
290,0.2,92.48956284
300,0.2,88.21217726
310,0.2,84.1326089
320,0.2,80.24170925
330,0.2,76.5307529
340,0.2,72.99141799
350,0.2,69.6157675
360,0.2,66.39623147
370,0.2,63.32559004
380,0.2,60.39695726
390,0.2,57.60376562
400,0.2,54.93975134
410,0.2,52.39894033
420,0.2,49.97563477
430,0.2,47.66440037
440,0.2,45.46005414
450,0.2,43.35765281
460,0.2,41.35248171
470,0.2,39.4400442
480,0.2,37.61605162
490,0.2,35.87641364
500,0.2,34.21722908
510,0.2,32.63477721
520,0.2,31.12550934
530,0.2,29.68604092
540,0.2,28.31314392
550,0.2,27.0037396
560,0.2,25.75489159
570,0.2,24.56379934
580,0.2,23.42779179
590,0.2,22.34432145
600,0.2,21.3109586
610,0.2,20.32538591
620,0.2,19.38539322
630,0.2,18.48887259
640,0.2,17.63381355
650,0.2,16.81829862
660,0.2,16.04049898
670,0.2,15.29867043
680,0.2,14.59114938
690,0.2,13.91634922
700,0.2,13.27275669
710,0.2,12.65892853
720,0.2,12.07348822
730,0.2,11.5151229
740,0.2,10.98258043
750,0.2,10.47466657
20,0.3,328.6469259
30,0.3,313.4479177
40,0.3,298.9518215
50,0.3,285.1261295
60,0.3,271.9398373
70,0.3,259.3633746
80,0.3,247.3685384
90,0.3,235.9284301
100,0.3,225.017395
110,0.3,214.610965
120,0.3,204.6858035
130,0.3,195.2196532
140,0.3,186.1912861
150,0.3,177.5804559
160,0.3,169.3678527
170,0.3,161.5350596
180,0.3,154.0645114
190,0.3,146.9394554
200,0.3,140.1439134
210,0.3,133.6626464
220,0.3,127.4811199
230,0.3,121.585472
240,0.3,115.9624813
250,0.3,110.5995384
260,0.3,105.4846167
270,0.3,100.606246
280,0.3,95.95348635
290,0.3,91.51590392
300,0.3,87.28354737
310,0.3,83.24692556
320,0.3,79.3969863
330,0.3,75.72509605
340,0.3,72.22302053
350,0.3,68.88290629
360,0.3,65.69726306
370,0.3,62.65894698
380,0.3,59.76114459
390,0.3,56.99735752
400,0.3,54.36138793
410,0.3,51.84732462
420,0.3,49.44952976
430,0.3,47.16262625
440,0.3,44.98148569
450,0.3,42.90121682
460,0.3,40.91715461
470,0.3,39.02484978
480,0.3,37.22005879
490,0.3,35.49873437
500,0.3,33.85701644
510,0.3,32.2912234
520,0.3,30.79784394
530,0.3,29.37352913
540,0.3,28.01508494
550,0.3,26.71946502
560,0.3,25.48376392
570,0.3,24.30521057
580,0.3,23.18116204
590,0.3,22.10909763
600,0.3,21.08661323
610,0.3,20.11141589
620,0.3,19.18131873
630,0.3,18.29423597
640,0.3,17.44817834
650,0.3,16.64124852
660,0.3,15.87163696
670,0.3,15.1376178
680,0.3,14.43754499
690,0.3,13.76984861
700,0.3,13.13303133
710,0.3,12.52566508
720,0.3,11.94638783
730,0.3,11.39390055
740,0.3,10.86696428
750,0.3,10.36439734
20,0.4,319.7927799
30,0.4,305.0032514
40,0.4,290.8976975
50,0.4,277.4444864
60,0.4,264.6134489
70,0.4,252.3758114
80,0.4,240.7041306
90,0.4,229.5722326
100,0.4,218.955154
110,0.4,208.8290858
120,0.4,199.1713202
130,0.4,189.9601995
140,0.4,181.1750675
150,0.4,172.7962234
160,0.4,164.8048777
170,0.4,157.1831095
180,0.4,149.913827
190,0.4,142.9807286
200,0.4,136.3682667
210,0.4,130.0616129
220,0.4,124.0466243
230,0.4,118.3098122
240,0.4,112.8383117
250,0.4,107.619853
260,0.4,102.6427335
270,0.4,97.89579195
280,0.4,93.36838328
290,0.4,89.05035469
300,0.4,84.93202295
310,0.4,81.00415261
320,0.4,77.25793538
330,0.4,73.6849703
340,0.4,70.27724493
350,0.4,67.02711741
360,0.4,63.92729926
370,0.4,60.9708391
380,0.4,58.15110702
390,0.4,55.46177972
400,0.4,52.89682634
410,0.4,50.45049493
420,0.4,48.11729957
430,0.4,45.89200801
440,0.4,43.76963001
450,0.4,41.74540611
460,0.4,39.81479694
470,0.4,37.97347309
480,0.4,36.21730535
490,0.4,34.5423555
500,0.4,32.94486743
510,0.4,31.42125875
520,0.4,29.96811274
530,0.4,28.5821707
540,0.4,27.26032464
550,0.4,25.99961028
560,0.4,24.79720047
570,0.4,23.65039877
580,0.4,22.55663347
590,0.4,21.51345178
600,0.4,20.51851434
610,0.4,19.56959001
620,0.4,18.66455078
630,0.4,17.80136711
640,0.4,16.97810329
650,0.4,16.19291314
660,0.4,15.44403585
670,0.4,14.72979205
680,0.4,14.04858005
690,0.4,13.39887222
700,0.4,12.77921157
710,0.4,12.1882085
720,0.4,11.62453768
730,0.4,11.08693508
740,0.4,10.5741951
750,0.4,10.08516793
20,0.5,306.0151777
30,0.5,291.8628251
40,0.5,278.3649795
50,0.5,265.4913718
60,0.5,253.2131327
70,0.5,241.5027281
80,0.5,230.3338972
90,0.5,219.6815938
100,0.5,209.5219298
110,0.5,199.832122
120,0.5,190.590441
130,0.5,181.7761621
140,0.5,173.3695191
150,0.5,165.3516601
160,0.5,157.7046047
170,0.5,150.4112045
180,0.5,143.4551037
190,0.5,136.8207033
200,0.5,130.4931255
210,0.5,124.4581807
220,0.5,118.7023352
230,0.5,113.2126817
240,0.5,107.9769094
250,0.5,102.983277
260,0.5,98.22058629
270,0.5,93.67815678
280,0.5,89.34580203
290,0.5,85.21380667
300,0.5,81.27290462
310,0.5,77.51425835
320,0.5,73.92943904
330,0.5,70.51040768
340,0.5,67.24949702
350,0.5,64.13939444
360,0.5,61.17312546
370,0.5,58.34403819
380,0.5,55.64578836
390,0.5,53.07232509
400,0.5,50.61787736
410,0.5,48.27694102
420,0.5,46.04426649
430,0.5,43.91484696
440,0.5,41.88390718
450,0.5,39.94689272
460,0.5,38.0994598
470,0.5,36.33746553
480,0.5,34.6569586
490,0.5,33.05417046
500,0.5,31.52550682
510,0.5,30.06753962
520,0.5,28.67699937
530,0.5,27.35076774
540,0.5,26.08587064
550,0.5,24.87947153
560,0.5,23.72886502
570,0.5,22.63147087
580,0.5,21.58482816
590,0.5,20.58658977
600,0.5,19.63451713
610,0.5,18.72647521
620,0.5,17.8604277
630,0.5,17.03443249
640,0.5,16.24663727
650,0.5,15.49527539
660,0.5,14.77866191
670,0.5,14.09518981
680,0.5,13.4433264
690,0.5,12.82160987
700,0.5,12.228646
710,0.5,11.66310506
720,0.5,11.12371882
730,0.5,10.6092777
740,0.5,10.11862806
750,0.5,9.650669592
20,0.6,287.9734921
30,0.6,274.6555174
40,0.6,261.953462
50,0.6,249.8388415
60,0.6,238.2844885
70,0.6,227.2644922
80,0.6,216.7541402
90,0.6,206.7298628
100,0.6,197.1691805
110,0.6,188.0506531
120,0.6,179.3538323
130,0.6,171.0592154
140,0.6,163.1482014
150,0.6,155.6030499
160,0.6,148.4068408
170,0.6,141.5434363
180,0.6,134.9974452
190,0.6,128.754188
200,0.6,122.7996642
210,0.6,117.1205206
220,0.6,111.7040216
230,0.6,106.5380206
240,0.6,101.6109328
250,0.6,96.91170921
260,0.6,92.42981164
270,0.6,88.15518939
280,0.6,84.07825655
290,0.6,80.18987055
300,0.6,76.4813116
310,0.6,72.94426321
320,0.6,69.57079349
330,0.6,66.35333739
340,0.6,63.2846797
350,0.6,60.35793891
360,0.6,57.56655175
370,0.6,54.90425851
380,0.6,52.36508894
390,0.6,49.94334892
400,0.6,47.63360765
410,0.6,45.4306855
420,0.6,43.32964239
430,0.6,41.32576669
440,0.6,39.41456468
450,0.6,37.59175046
460,0.6,35.85323633
470,0.6,34.19512366
480,0.6,32.6136941
490,0.6,31.10540127
500,0.6,29.66686279
510,0.6,28.29485273
520,0.6,26.98629432
530,0.6,25.73825311
540,0.6,24.54793034
550,0.6,23.41265669
560,0.6,22.3298863
570,0.6,21.29719104
580,0.6,20.31225506
590,0.6,19.37286964
600,0.6,18.47692819
610,0.6,17.62242154
620,0.6,16.80743346
630,0.6,16.03013631
640,0.6,15.288787
650,0.6,14.58172303
660,0.6,13.90735881
670,0.6,13.26418207
680,0.6,12.65075046
690,0.6,12.06568837
700,0.6,11.50768377
710,0.6,10.97548533
720,0.6,10.4678996
730,0.6,9.983788295
740,0.6,9.522065796
750,0.6,9.081696682
20,0.7,266.5000481
30,0.7,254.1751606
40,0.7,242.4202648
50,0.7,231.2090004
60,0.7,220.5162259
70,0.7,210.3179625
80,0.7,200.5913404
90,0.7,191.3145477
100,0.7,182.4667808
110,0.7,174.0281987
120,0.7,165.9798775
130,0.7,158.3037688
140,0.7,150.9826589
150,0.7,144.00013
160,0.7,137.3405236
170,0.7,130.9889056
180,0.7,124.9310323
190,0.7,119.1533188
200,0.7,113.6428085
210,0.7,108.387144
220,0.7,103.3745394
230,0.7,98.5937539
240,0.7,94.03406643
250,0.7,89.68525184
260,0.7,85.53755787
270,0.7,81.58168322
280,0.7,77.8087568
290,0.7,74.21031776
300,0.7,70.77829653
310,0.7,67.50499676
320,0.7,64.38307802
330,0.7,61.40553936
340,0.7,58.56570359
350,0.7,55.85720235
360,0.7,53.27396177
370,0.7,50.8101889
380,0.7,48.46035869
390,0.7,46.2192016
400,0.7,44.08169181
410,0.7,42.04303591
420,0.7,40.09866219
430,0.7,38.24421036
440,0.7,36.47552177
450,0.7,34.78863013
460,0.7,33.17975254
470,0.7,31.64528108
480,0.7,30.18177466
490,0.7,28.78595135
500,0.7,27.45468099
510,0.7,26.1849782
520,0.7,24.97399563
530,0.7,23.81901765
540,0.7,22.71745419
550,0.7,21.66683499
560,0.7,20.66480401
570,0.7,19.70911418
580,0.7,18.79762235
590,0.7,17.92828449
600,0.7,17.09915109
610,0.7,16.30836281
620,0.7,15.55414629
630,0.7,14.8348102
640,0.7,14.1487414
650,0.7,13.49440138
660,0.7,12.87032277
670,0.7,12.27510606
680,0.7,11.70741648
690,0.7,11.16598096
700,0.7,10.64958533
710,0.7,10.15707157
720,0.7,9.687335198
730,0.7,9.239322832
740,0.7,8.812029795
750,0.7,8.404497874
20,0.8,242.5366103
30,0.8,231.3199652
40,0.8,220.6220589
50,0.8,210.418901
60,0.8,200.6876108
70,0.8,191.4063658
80,0.8,182.5543526
90,0.8,174.1117205
100,0.8,166.0595367
110,0.8,158.379744
120,0.8,151.0551204
130,0.8,144.0692404
140,0.8,137.4064379
150,0.8,131.0517715
160,0.8,124.9909908
170,0.8,119.2105044
180,0.8,113.6973494
190,0.8,108.4391626
200,0.8,103.4241523
210,0.8,98.64107228
220,0.8,94.07919646
230,0.8,89.72829474
240,0.8,85.57861015
250,0.8,81.62083695
260,0.8,77.84609978
270,0.8,74.24593373
280,0.8,70.81226536
290,0.8,67.53739463
300,0.8,64.41397758
310,0.8,61.43500989
320,0.8,58.5938112
330,0.8,55.88401006
340,0.8,53.2995297
350,0.8,50.83457438
360,0.8,48.48361641
370,0.8,46.24138371
380,0.8,44.10284806
390,0.8,42.06321374
400,0.8,40.11790685
410,0.8,38.26256501
420,0.8,36.49302758
430,0.8,34.80532634
440,0.8,33.19567659
450,0.8,31.66046869
460,0.8,30.19625988
470,0.8,28.79976667
480,0.8,27.4678574
490,0.8,26.19754523
500,0.8,24.98598147
510,0.8,23.83044918
520,0.8,22.72835705
530,0.8,21.67723361
540,0.8,20.67472173
550,0.8,19.71857323
560,0.8,18.80664394
570,0.8,17.93688886
580,0.8,17.10735753
590,0.8,16.31618973
600,0.8,15.56161124
610,0.8,14.84192991
620,0.8,14.15553185
630,0.8,13.50087779
640,0.8,12.87649966
650,0.8,12.28099729
660,0.8,11.71303525
670,0.8,11.17133988
680,0.8,10.65469642
690,0.8,10.16194628
700,0.8,9.691984468
710,0.8,9.243757087
720,0.8,8.816258977
730,0.8,8.408531469
740,0.8,8.019660226
750,0.8,7.6487732
20,0.9,217.0663723
30,0.9,207.0276551
40,0.9,197.4532006
50,0.9,188.3215381
60,0.9,179.6121897
70,0.9,171.3056244
80,0.9,163.3832148
90,0.9,155.8271945
100,0.9,148.6206193
110,0.9,141.7473281
120,0.9,135.1919076
130,0.9,128.9396571
140,0.9,122.9765559
150,0.9,117.2892315
160,0.9,111.86493
170,0.9,106.6914875
180,0.9,101.7573023
190,0.9,97.05130953
200,0.9,92.56295583
210,0.9,88.28217603
220,0.9,84.19937041
230,0.9,80.30538323
240,0.9,76.59148214
250,0.9,73.04933867
260,0.9,69.6710095
270,0.9,66.44891869
280,0.9,63.37584063
290,0.9,60.4448839
300,0.9,57.64947578
310,0.9,54.98334753
320,0.9,52.44052031
330,0.9,50.0152918
340,0.9,47.70222337
350,0.9,45.49612793
360,0.9,43.39205829
370,0.9,41.38529603
380,0.9,39.47134095
390,0.9,37.64590099
400,0.9,35.90488255
410,0.9,34.24438139
420,0.9,32.66067379
430,0.9,31.15020828
440,0.9,29.7095976
450,0.9,28.33561117
460,0.9,27.0251678
470,0.9,25.7753288
480,0.9,24.58329138
490,0.9,23.44638239
500,0.9,22.36205227
510,0.9,21.32786942
520,0.9,20.34151466
530,0.9,19.40077606
540,0.9,18.50354402
550,0.9,17.64780646
560,0.9,16.83164439
570,0.9,16.05322756
580,0.9,15.31081034
590,0.9,14.60272785
600,0.9,13.92739222
610,0.9,13.28328899
620,0.9,12.66897374
630,0.9,12.08306887
640,0.9,11.52426047
650,0.9,10.99129541
660,0.9,10.4829785
670,0.9,9.998169839
680,0.9,9.535782234
690,0.9,9.094778772
700,0.9,8.674170497
710,0.9,8.273014186
720,0.9,7.890410242
730,0.9,7.525500668
740,0.9,7.177467149
750,0.9,6.845529214
20,1,191.0482333
30,1,182.2127828
40,1,173.7859473
50,1,165.7488296
60,1,158.0834063
70,1,150.7724875
80,1,143.7996784
90,1,137.1493424
100,1,130.806566
110,1,124.7571253
120,1,118.9874545
130,1,113.484615
140,1,108.2362666
150,1,103.2306396
160,1,98.45650907
170,1,93.90316879
180,1,89.56040786
190,1,85.41848757
200,1,81.4681196
210,1,77.70044518
220,1,74.10701525
230,1,70.67977147
240,1,67.41102821
250,1,64.29345526
260,1,61.3200614
270,1,58.48417875
280,1,55.77944781
290,1,53.19980316
300,1,50.73945992
310,1,48.39290073
320,1,46.15486338
330,1,44.02032905
340,1,41.98451101
350,1,40.04284391
360,1,38.19097351
370,1,36.42474699
380,1,34.74020354
390,1,33.13356554
400,1,31.6012301
410,1,30.13976092
420,1,28.74588063
430,1,27.41646343
440,1,26.14852809
450,1,24.93923124
460,1,23.78586102
470,1,22.68583096
480,1,21.63667424
490,1,20.63603811
500,1,19.68167862
510,1,18.77145561
520,1,17.90332789
530,1,17.07534867
540,1,16.28566118
550,1,15.53249456
560,1,14.81415979
570,1,14.12904602
580,1,13.47561686
590,1,12.85240698
600,1,12.25801883
610,1,11.69111948
620,1,11.15043765
630,1,10.63476086
640,1,10.14293268
650,1,9.673850199
660,1,9.226461477
670,1,8.799763241
680,1,8.392798615
690,1,8.004654973
700,1,7.634461898
710,1,7.281389224
720,1,6.944645182
730,1,6.623474617
740,1,6.3171573
750,1,6.025006308
20,1.1,165.3593425
30,1.1,157.7119318
40,1.1,150.4181927
50,1.1,143.4617688
60,1.1,136.8270601
70,1.1,130.4991884
80,1.1,124.4639631
90,1.1,118.7078503
100,1.1,113.2179417
110,1.1,107.9819261
120,1.1,102.9880617
130,1.1,98.2251497
140,1.1,93.68250915
150,1.1,89.34995312
160,1.1,85.21776578
170,1.1,81.27668063
180,1.1,77.51785973
190,1.1,73.93287387
200,1.1,70.51368366
210,1.1,67.2526215
220,1.1,64.14237441
230,1.1,61.17596762
240,1.1,58.34674891
250,1.1,55.64837372
260,1.1,53.07479088
270,1.1,50.62022911
280,1.1,48.27918401
290,1.1,46.04640575
300,1.1,43.91688729
310,1.1,41.88585314
320,1.1,39.94874869
330,1.1,38.10122994
340,1.1,36.3391538
350,1.1,34.6585688
360,1.1,33.05570618
370,1.1,31.52697152
380,1.1,30.06893659
390,1.1,28.67833173
400,1.1,27.35203848
410,1.1,26.08708262
420,1.1,24.88062745
430,1.1,23.72996749
440,1.1,22.63252235
450,1.1,21.58583101
460,1.1,20.58754624
470,1.1,19.63542937
480,1.1,18.72734525
490,1.1,17.86125751
500,1.1,17.03522393
510,1.1,16.2473921
520,1.1,15.49599531
530,1.1,14.77934854
540,1.1,14.09584469
550,1.1,13.44395099
560,1.1,12.82220557
570,1.1,12.22921415
580,1.1,11.66364694
590,1.1,11.12423564
600,1.1,10.60977062
610,1.1,10.11909818
620,1.1,9.651117971
630,1.1,9.204780551
640,1.1,8.779084998
650,1.1,8.373076684
660,1.1,7.985845126
670,1.1,7.616521954
680,1.1,7.264278953
690,1.1,6.928326213
700,1.1,6.607910356
710,1.1,6.302312842
720,1.1,6.010848365
730,1.1,5.732863311
740,1.1,5.467734294
750,1.1,5.214866759
20,1.2,140.7504138
30,1.2,134.2410978
40,1.2,128.0328196
50,1.2,122.1116571
60,1.2,116.4643318
70,1.2,111.0781797
80,1.2,105.9411222
90,1.2,101.0416394
100,1.2,96.36874398
110,1.2,91.91195704
120,1.2,87.66128413
130,1.2,83.60719304
140,1.2,79.74059241
150,1.2,76.05281133
160,1.2,72.53557989
170,1.2,69.18101064
180,1.2,65.98158091
190,1.2,62.93011593
200,1.2,60.01977273
210,1.2,57.24402482
220,1.2,54.59664755
230,1.2,52.07170414
240,1.2,49.66353235
250,1.2,47.36673182
260,1.2,45.17615193
270,1.2,43.08688029
280,1.2,41.09423167
290,1.2,39.19373751
300,1.2,37.38113593
310,1.2,35.65236215
320,1.2,34.00353935
330,1.2,32.43097003
340,1.2,30.93112768
350,1.2,29.50064887
360,1.2,28.13632574
370,1.2,26.83509877
380,1.2,25.59404993
390,1.2,24.41039616
400,1.2,23.28148309
410,1.2,22.20477911
420,1.2,21.17786971
430,1.2,20.19845201
440,1.2,19.26432967
450,1.2,18.37340789
460,1.2,17.52368877
470,1.2,16.7132668
480,1.2,15.9403246
490,1.2,15.20312883
500,1.2,14.50002631
510,1.2,13.82944034
520,1.2,13.18986711
530,1.2,12.57987236
540,1.2,11.99808818
550,1.2,11.4432099
560,1.2,10.91399321
570,1.2,10.40925131
580,1.2,9.92785233
590,1.2,9.468716715
600,1.2,9.030814847
610,1.2,8.613164725
620,1.2,8.214829762
630,1.2,7.834916686
640,1.2,7.472573535
650,1.2,7.126987749
660,1.2,6.797384347
670,1.2,6.483024187
680,1.2,6.183202312
690,1.2,5.897246366
700,1.2,5.624515089
710,1.2,5.364396877
720,1.2,5.116308411
730,1.2,4.879693347
740,1.2,4.654021073
750,1.2,4.438785516
20,1.3,117.8164295
30,1.3,112.3677466
40,1.3,107.1710502
50,1.3,102.2146866
60,1.3,97.48754101
70,1.3,92.97901282
80,1.3,88.67899154
90,1.3,84.57783431
100,1.3,80.66634421
110,1.3,76.93574968
120,1.3,73.37768479
130,1.3,69.98417053
140,1.3,66.74759688
150,1.3,63.66070579
160,1.3,60.71657483
170,1.3,57.90860177
180,1.3,55.23048966
190,1.3,52.6762328
200,1.3,50.24010324
210,1.3,47.9166379
220,1.3,45.70062639
230,1.3,43.58709926
240,1.3,41.5713169
250,1.3,39.64875887
260,1.3,37.81511382
270,1.3,36.06626976
280,1.3,34.39830489
290,1.3,32.80747876
300,1.3,31.29022392
310,1.3,29.84313791
320,1.3,28.46297561
330,1.3,27.14664199
340,1.3,25.89118514
350,1.3,24.69378969
360,1.3,23.55177045
370,1.3,22.46256644
380,1.3,21.42373509
390,1.3,20.4329468
400,1.3,19.48797972
410,1.3,18.58671475
420,1.3,17.72713078
430,1.3,16.90730018
440,1.3,16.12538447
450,1.3,15.3796302
460,1.3,14.66836499
470,1.3,13.98999382
480,1.3,13.34299543
490,1.3,12.72591893
500,1.3,12.1373805
510,1.3,11.57606034
520,1.3,11.04069968
530,1.3,10.53009796
540,1.3,10.04311015
550,1.3,9.578644185
560,1.3,9.135658476
570,1.3,8.713159628
580,1.3,8.310200178
590,1.3,7.925876485
600,1.3,7.559326696
610,1.3,7.209728817
620,1.3,6.87629887
630,1.3,6.558289132
640,1.3,6.254986462
650,1.3,5.965710699
660,1.3,5.689813137
670,1.3,5.426675071
680,1.3,5.175706411
690,1.3,4.936344355
700,1.3,4.708052129
710,1.3,4.490317785
720,1.3,4.28265305
730,1.3,4.084592233
740,1.3,3.895691179
750,1.3,3.715526275
20,1.4,96.98336898
30,1.4,92.49815734
40,1.4,88.22037429
50,1.4,84.14042684
60,1.4,80.24916563
70,1.4,76.53786445
80,1.4,72.99820065
90,1.4,69.62223647
100,1.4,66.40240127
110,1.4,63.33147451
120,1.4,60.40256959
130,1.4,57.60911839
140,1.4,54.94485656
150,1.4,52.40380944
160,1.4,49.9802787
170,1.4,47.66882953
180,1.4,45.46427847
190,1.4,43.36168178
200,1.4,41.35632435
210,1.4,39.44370913
220,1.4,37.61954706
230,1.4,35.87974742
240,1.4,34.22040868
250,1.4,32.63780976
260,1.4,31.12840165
270,1.4,29.68879947
280,1.4,28.31577489
290,1.4,27.00624889
300,1.4,25.75728484
310,1.4,24.5660819
320,1.4,23.4299688
330,1.4,22.34639777
340,1.4,21.3129389
350,1.4,20.32727463
360,1.4,19.38719459
370,1.4,18.49059065
380,1.4,17.63545215
390,1.4,16.81986144
400,1.4,16.04198953
410,1.4,15.30009204
420,1.4,14.59250525
430,1.4,13.91764238
440,1.4,13.27399005
450,1.4,12.66010485
460,1.4,12.07461014
470,1.4,11.51619293
480,1.4,10.98360097
490,1.4,10.47563991
500,1.4,9.991170643
510,1.4,9.529106731
520,1.4,9.088411993
530,1.4,8.668098163
540,1.4,8.267222681
550,1.4,7.884886578
560,1.4,7.520232458
570,1.4,7.172442579
580,1.4,6.840737017
590,1.4,6.524371916
600,1.4,6.222637824
610,1.4,5.934858095
620,1.4,5.66038738
630,1.4,5.398610174
640,1.4,5.148939438
650,1.4,4.910815279
660,1.4,4.683703703
670,1.4,4.467095406
680,1.4,4.260504642
690,1.4,4.063468127
700,1.4,3.875544004
710,1.4,3.696310851
720,1.4,3.525366733
730,1.4,3.362328306
740,1.4,3.206829954
750,1.4,3.058522969
20,1.5,78.50980686
30,1.5,74.87894619
40,1.5,71.41600276
50,1.5,68.11321085
60,1.5,64.96316389
70,1.5,61.95879787
80,1.5,59.09337543
90,1.5,56.36047083
100,1.5,53.75395548
110,1.5,51.26798423
120,1.5,48.89698226
130,1.5,46.63563254
140,1.5,44.47886397
150,1.5,42.42183997
160,1.5,40.45994761
170,1.5,38.58878733
180,1.5,36.80416302
190,1.5,35.10207263
200,1.5,33.47869919
210,1.5,31.93040228
220,1.5,30.45370979
230,1.5,29.04531024
240,1.5,27.70204525
250,1.5,26.42090255
260,1.5,25.19900914
270,1.5,24.0336249
280,1.5,22.92213646
290,1.5,21.86205127
300,1.5,20.85099207
310,1.5,19.88669156
320,1.5,18.96698727
330,1.5,18.08981675
340,1.5,17.25321294
350,1.5,16.45529972
360,1.5,15.69428778
370,1.5,14.96847053
380,1.5,14.27622032
390,1.5,13.61598475
400,1.5,12.98628325
410,1.5,12.38570369
420,1.5,11.81289927
430,1.5,11.26658547
440,1.5,10.74553716
450,1.5,10.24858589
460,1.5,9.774617236
470,1.5,9.322568318
480,1.5,8.891425408
490,1.5,8.480221661
500,1.5,8.088034946
510,1.5,7.713985778
520,1.5,7.357235346
530,1.5,7.016983631
540,1.5,6.692467614
550,1.5,6.382959561
560,1.5,6.087765398
570,1.5,5.806223144
580,1.5,5.537701439
590,1.5,5.281598117
600,1.5,5.037338863
610,1.5,4.804375922
620,1.5,4.58218687
630,1.5,4.370273445
640,1.5,4.168160428
650,1.5,3.975394577
660,1.5,3.791543611
670,1.5,3.616195243
680,1.5,3.44895625
690,1.5,3.289451596
700,1.5,3.137323589
710,1.5,2.992231081
720,1.5,2.853848698
730,1.5,2.721866117
740,1.5,2.595987363
750,1.5,2.475930153
20,1.6,62.50082996
30,1.6,59.61034004
40,1.6,56.85352726
50,1.6,54.22420942
60,1.6,51.71649024
70,1.6,49.3247461
80,1.6,47.04361349
90,1.6,44.86797694
100,1.6,42.79295754
110,1.6,40.81390202
120,1.6,38.92637233
130,1.6,37.12613565
140,1.6,35.40915492
150,1.6,33.77157978
160,1.6,32.20973795
170,1.6,30.72012697
180,1.6,29.29940636
190,1.6,27.94439014
200,1.6,26.65203965
210,1.6,25.41945679
220,1.6,24.24387747
230,1.6,23.12266542
240,1.6,22.05330632
250,1.6,21.03340211
260,1.6,20.06066564
270,1.6,19.13291554
280,1.6,18.2480713
290,1.6,17.40414865
300,1.6,16.59925508
310,1.6,15.8315856
320,1.6,15.09941871
330,1.6,14.4011125
340,1.6,13.73510102
350,1.6,13.09989072
360,1.6,12.49405713
370,1.6,11.91624166
380,1.6,11.36514856
390,1.6,10.83954198
400,1.6,10.33824325
410,1.6,9.860128195
420,1.6,9.404124632
430,1.6,8.969209969
440,1.6,8.554408902
450,1.6,8.158791233
460,1.6,7.781469783
470,1.6,7.421598403
480,1.6,7.078370076
490,1.6,6.751015105
500,1.6,6.438799394
510,1.6,6.141022793
520,1.6,5.857017533
530,1.6,5.586146728
540,1.6,5.327802947
550,1.6,5.081406848
560,1.6,4.846405884
570,1.6,4.622273063
580,1.6,4.408505763
590,1.6,4.204624607
600,1.6,4.010172389
610,1.6,3.824713046
620,1.6,3.647830683
630,1.6,3.479128639
640,1.6,3.318228596
650,1.6,3.164769733
660,1.6,3.018407916
670,1.6,2.878814928
680,1.6,2.745677728
690,1.6,2.618697753
700,1.6,2.49759025
710,1.6,2.382083633
720,1.6,2.271918877
730,1.6,2.166848934
740,1.6,2.066638185
750,1.6,1.971061905
20,1.7,48.93086495
30,1.7,46.66794826
40,1.7,44.50968518
50,1.7,42.45123577
60,1.7,40.48798394
70,1.7,38.61552706
80,1.7,36.82966611
90,1.7,35.12639627
100,1.7,33.50189794
110,1.7,31.95252814
120,1.7,30.4748124
130,1.7,29.06543691
140,1.7,27.72124112
150,1.7,26.43921066
160,1.7,25.21647055
170,1.7,24.05027877
180,1.7,22.93802013
190,1.7,21.87720037
200,1.7,20.86544057
210,1.7,19.90047185
220,1.7,18.98013026
230,1.7,18.10235192
240,1.7,17.26516839
250,1.7,16.46670227
260,1.7,15.70516299
270,1.7,14.97884279
280,1.7,14.28611289
290,1.7,13.62541982
300,1.7,12.99528197
310,1.7,12.39428624
320,1.7,11.82108491
330,1.7,11.27439254
340,1.7,10.75298317
350,1.7,10.25568755
360,1.7,9.781390463
370,1.7,9.329028303
380,1.7,8.897586636
390,1.7,8.48609795
400,1.7,8.093639472
410,1.7,7.719331111
420,1.7,7.362333472
430,1.7,7.021845983
440,1.7,6.697105095
450,1.7,6.387382572
460,1.7,6.091983856
470,1.7,5.810246511
480,1.7,5.541538736
490,1.7,5.28525795
500,1.7,5.040829439
510,1.7,4.807705068
520,1.7,4.585362053
530,1.7,4.373301784
540,1.7,4.171048715
550,1.7,3.978149289
560,1.7,3.794170925
570,1.7,3.618701051
580,1.7,3.451346171
590,1.7,3.29173099
600,1.7,3.139497567
610,1.7,2.994304519
620,1.7,2.855826245
630,1.7,2.723752208
640,1.7,2.597786228
650,1.7,2.477645825
660,1.7,2.363061582
670,1.7,2.253776543
680,1.7,2.149545633
690,1.7,2.050135114
700,1.7,1.955322055
710,1.7,1.864893837
720,1.7,1.778647673
730,1.7,1.696390154
740,1.7,1.617936818
750,1.7,1.543111731
20,1.8,37.67170133
30,1.8,35.9294897
40,1.8,34.26785053
50,1.8,32.68305755
60,1.8,31.17155685
70,1.8,29.72995886
80,1.8,28.35503078
90,1.8,27.0436893
100,1.8,25.79299373
110,1.8,24.60013936
120,1.8,23.46245119
130,1.8,22.37737795
140,1.8,21.34248632
150,1.8,20.35545557
160,1.8,19.41407224
170,1.8,18.51622529
180,1.8,17.65990126
190,1.8,16.84317984
200,1.8,16.06422952
210,1.8,15.32130349
220,1.8,14.61273573
230,1.8,13.93693726
240,1.8,13.29239259
250,1.8,12.67765633
260,1.8,12.09134991
270,1.8,11.53215854
280,1.8,10.99882821
290,1.8,10.49016293
300,1.8,10.00502201
310,1.8,9.542317514
320,1.8,9.101011813
330,1.8,8.680115277
340,1.8,8.278684037
350,1.8,7.895817877
360,1.8,7.530658215
370,1.8,7.182386174
380,1.8,6.850220748
390,1.8,6.533417051
400,1.8,6.231264646
410,1.8,5.943085951
420,1.8,5.668234721
430,1.8,5.406094597
440,1.8,5.156077727
450,1.8,4.917623442
460,1.8,4.690197007
470,1.8,4.473288413
480,1.8,4.266411239
490,1.8,4.069101561
500,1.8,3.880916908
510,1.8,3.701435272
520,1.8,3.530254164
530,1.8,3.366989707
540,1.8,3.211275778
550,1.8,3.062763186
560,1.8,2.92111889
570,1.8,2.786025249
580,1.8,2.657179313
590,1.8,2.534292145
600,1.8,2.417088167
610,1.8,2.305304548
620,1.8,2.198690611
630,1.8,2.097007273
640,1.8,2.000026507
650,1.8,1.907530832
660,1.8,1.819312825
670,1.8,1.735174656
680,1.8,1.654927645
690,1.8,1.578391834
700,1.8,1.505395593
710,1.8,1.435775225
720,1.8,1.369374606
730,1.8,1.306044831
740,1.8,1.245643882
750,1.8,1.18803631
20,1.9,28.52218606
30,1.9,27.20311412
40,1.9,25.94504559
50,1.9,24.74515925
60,1.9,23.60076431
70,1.9,22.50929447
80,1.9,21.46830207
90,1.9,20.47545268
100,1.9,19.52851983
110,1.9,18.62537999
120,1.9,17.76400786
130,1.9,16.9424718
140,1.9,16.1589295
150,1.9,15.41162386
160,1.9,14.69887903
170,1.9,14.01909667
180,1.9,13.37075236
190,1.9,12.75239218
200,1.9,12.16262943
210,1.9,11.60014158
220,1.9,11.06366723
230,1.9,10.55200332
240,1.9,10.06400246
250,1.9,9.598570276
260,1.9,9.154663041
270,1.9,8.731285284
280,1.9,8.327487573
290,1.9,7.942364386
300,1.9,7.575052077
310,1.9,7.224726943
320,1.9,6.890603374
330,1.9,6.571932093
340,1.9,6.267998474
350,1.9,5.978120941
360,1.9,5.70164944
370,1.9,5.437963978
380,1.9,5.186473237
390,1.9,4.946613245
400,1.9,4.717846112
410,1.9,4.499658823
420,1.9,4.291562091
430,1.9,4.093089256
440,1.9,3.903795238
450,1.9,3.723255543
460,1.9,3.551065308
470,1.9,3.386838394
480,1.9,3.230206518
490,1.9,3.080818432
500,1.9,2.93833913
510,1.9,2.802449101
520,1.9,2.672843608
530,1.9,2.54923201
540,1.9,2.431337105
550,1.9,2.318894512
560,1.9,2.211652077
570,1.9,2.109369307
580,1.9,2.011816831
590,1.9,1.918775886
600,1.9,1.830037827
610,1.9,1.745403657
620,1.9,1.664683582
630,1.9,1.587696586
640,1.9,1.514270026
650,1.9,1.44423924
660,1.9,1.377447184
670,1.9,1.313744075
680,1.9,1.252987057
690,1.9,1.195039884
700,1.9,1.139772606
710,1.9,1.087061286
720,1.9,1.036787719
730,1.9,0.988839165
740,1.9,0.943108098
750,1.9,0.899491966
20,2,21.23663076
30,2,20.25449553
40,2,19.31778132
50,2,18.42438755
60,2,17.57231077
70,2,16.75964017
80,2,15.98455332
90,2,15.2453121
100,2,14.54025873
110,2,13.86781212
120,2,13.2264643
130,2,12.61477703
140,2,12.03137861
150,2,11.47496074
160,2,10.94427565
170,2,10.43813328
180,2,9.955398587
190,2,9.494989034
200,2,9.055872144
210,2,8.637063192
220,2,8.237622991
230,2,7.856655791
240,2,7.493307267
250,2,7.146762604
260,2,6.816244669
270,2,6.501012271
280,2,6.200358497
290,2,5.913609126
300,2,5.640121117
310,2,5.379281169
320,2,5.130504346
330,2,4.893232759
340,2,4.666934325
350,2,4.451101566
360,2,4.245250472
370,2,4.048919421
380,2,3.861668135
390,2,3.683076702
400,2,3.512744627
410,2,3.350289937
420,2,3.195348326
430,2,3.047572335
440,2,2.906630573
450,2,2.772206976
460,2,2.644000098
470,2,2.521722432
480,2,2.405099768
490,2,2.293870579
500,2,2.187785432
510,2,2.086606428
520,2,1.990106672
530,2,1.898069762
540,2,1.810289303
550,2,1.726568447
560,2,1.646719449
570,2,1.570563245
580,2,1.497929054
590,2,1.428653993
600,2,1.362582711
610,2,1.299567042
620,2,1.239465673
630,2,1.182143826
640,2,1.127472955
650,2,1.07533046
660,2,1.025599411
670,2,0.978168285
680,2,0.932930717
690,2,0.88978526
700,2,0.848635162
710,2,0.809388141
720,2,0.771956186
730,2,0.736255355
740,2,0.702205588
750,2,0.669730528
